Zona,Horizonte,h,Modelo,n_test,RMSE,MAE,R2,Skill_vs_Persist,R2_ord,Skill_ord
1,Corto,1,XGB,8717,241.828867191554,6.53872646887922,-0.0170597287196483,0.286929220421698,-0.0170597287196483,0.286929220421698
1,Medio,12,XGB,8706,241.98149335633,6.54094914626796,-0.0170600274535671,0.286940149623105,-0.0170600274535671,0.286940149623105
1,Largo,72,XGB,8646,242.819281509106,6.56878790721453,-0.0170599198676409,0.28694223018125,-0.0170599198676409,0.28694223018125
2,Corto,1,XGB,8779,6.24962275001133,3.50805666118799,0.741790978358348,0.155718002102345,0.741790978358348,0.155718002102345
2,Medio,12,XGB,8768,6.25345017336991,3.51149731391883,0.74162824383664,0.622021686316011,0.74162824383664,0.622021686316011
2,Largo,72,XGB,8708,6.26580788200029,3.5234590374262,0.741612002290562,0.57563585052599,0.741612002290562,0.57563585052599
3,Corto,1,XGB,8483,3.31555650526777,1.80799138826211,0.793154120536555,0.113757836820201,0.793154120536555,0.113757836820201
3,Medio,12,XGB,8472,3.31648235979668,1.80826701053776,0.793264310031931,0.678722511083896,0.793264310031931,0.678722511083896
3,Largo,72,XGB,8412,3.24239713527254,1.77462256925816,0.798776318067681,0.601701936008641,0.798776318067681,0.601701936008641
4,Corto,1,RF,7435,18.0729414696264,10.4231631357746,0.571121082766766,0.0841114902572938,0.571121082766766,0.0841114902572938
4,Medio,12,RF,7424,18.0859807477991,10.4351028670728,0.570928654591812,0.521332833224266,0.570928654591812,0.521332833224266
4,Largo,72,RF,7364,18.108738389477,10.4447765850144,0.568904667768709,0.458961967375588,0.568904667768709,0.458961967375588
