Zona,var
1,29.0454178237394
4,3.18129264438762
2,2.10920420578044
3,1.77365841073621
